1,1,96.54,13.14,2023-12-19 15:02:35,2023-12-19 14:03:04
2,2,95.98,12.02,2023-12-19 15:02:36,2023-12-19 13:54:32
3,3,97.18,9.09,2023-12-19 15:02:37,2023-12-19 14:10:54
4,4,99.29,9.97,2023-12-19 15:02:34,2023-12-19 14:50:16
5,5,93.67,11.31,2023-12-19 15:02:34,2023-12-19 13:16:25
6,6,99.64,11.16,2023-12-19 15:02:37,2023-12-19 14:56:18
7,7,95.16,10.95,2023-12-19 15:02:34,2023-12-19 13:35:35
8,9,94.06,11.49,2023-12-19 15:02:35,2023-12-19 13:23:01
9,10,97.11,10.58,2023-12-19 15:02:33,2023-12-19 14:12:43
10,11,93.19,13.93,2023-12-19 15:02:34,2023-12-19 13:04:57
11,12,95.21,9.44,2023-12-19 15:02:36,2023-12-19 13:37:24
12,13,93.59,12.76,2023-12-19 15:02:38,2023-12-19 13:13:51
13,14,95.28,20.9,2023-12-19 15:02:38,2023-12-19 13:36:47
14,15,97.47,13.1,2023-12-19 15:02:39,2023-12-19 14:17:54
15,16,95.46,9.96,2023-12-19 15:02:39,2023-12-19 13:45:31
16,17,93.83,13.26,2023-12-19 15:02:40,2023-12-19 13:50:40
17,18,96.51,9.74,2023-12-19 15:02:40,2023-12-19 14:02:40
18,19,98.08,8.99,2023-12-19 15:02:41,2023-12-19 14:29:39
19,20,94.51,13.84,2023-12-19 15:02:42,2023-12-19 13:24:30
20,21,99.23,8.56,2023-12-19 15:02:41,2023-12-19 14:49:34
21,22,97.79,10.99,2023-12-19 15:02:43,2023-12-19 14:23:59
22,23,93.02,9.52,2023-12-19 15:02:42,2023-12-19 13:03:26
23,24,99.66,11.38,2023-12-19 15:02:43,2023-12-19 14:56:47
24,25,98.88,13.04,2023-12-19 15:02:43,2023-12-19 14:44:00
25,26,96.38,11.57,2023-12-19 15:02:44,2023-12-19 13:58:41
26,27,97.82,14.13,2023-12-19 15:02:45,2023-12-19 14:23:18
27,28,99.75,10.74,2023-12-19 15:02:45,2023-12-19 14:58:20
28,29,98.46,12.39,2023-12-19 15:02:46,2023-12-19 14:37:02
29,30,93.75,10.8,2023-12-19 15:02:46,2023-12-19 13:11:24
30,31,96.27,14.49,2023-12-19 15:02:47,2023-12-19 13:55:19
31,32,93.25,13.34,2023-12-19 15:02:47,2023-12-19 13:05:43
32,33,98.04,10.59,2023-12-19 15:02:48,2023-12-19 14:29:54
33,34,96.69,13.52,2023-12-19 15:02:48,2023-12-19 14:05:58
34,35,95.41,13.38,2023-12-19 15:02:49,2023-12-19 13:44:15
35,36,94.67,12.89,2023-12-19 15:02:49,2023-12-19 13:32:46
36,38,97.76,11.07,2023-12-19 15:02:50,2023-12-19 14:23:43
37,39,95.72,11.05,2023-12-19 15:02:50,2023-12-19 13:46:06
38,40,97.34,13.37,2023-12-19 15:02:51,2023-12-19 14:18:23
39,41,96.83,9.05,2023-12-19 15:02:52,2023-12-19 14:05:38
40,42,95.65,11.72,2023-12-19 15:02:52,2023-12-19 13:45:13
41,43,99.24,9.84,2023-12-19 15:02:52,2023-12-19 14:49:43
42,45,94.84,9.54,2023-12-19 15:02:53,2023-12-19 13:32:40
43,46,96.61,8.97,2023-12-19 15:02:52,2023-12-19 14:04:23
44,47,97.22,13.29,2023-12-19 15:02:53,2023-12-19 14:12:39
45,48,92.06,13.33,2023-12-19 15:02:53,2023-12-19 13:30:18
46,49,98.14,14.88,2023-12-19 15:02:53,2023-12-19 14:31:09
47,50,96.46,9.35,2023-12-19 15:02:54,2023-12-19 14:02:15
48,51,96.52,13.14,2023-12-19 15:02:55,2023-12-19 14:03:04
49,1,96.54,13.14,2023-12-19 15:02:35,2023-12-19 14:03:04
50,2,95.98,12.02,2023-12-19 15:02:36,2023-12-19 13:54:32
51,3,97.18,9.09,2023-12-19 15:02:37,2023-12-19 14:10:54
52,4,99.29,9.97,2023-12-19 15:02:34,2023-12-19 14:50:16
53,5,93.67,11.31,2023-12-19 15:02:34,2023-12-19 13:16:25
54,6,99.64,11.16,2023-12-19 15:02:37,2023-12-19 14:56:18
55,7,95.16,10.95,2023-12-19 15:02:34,2023-12-19 13:35:35
56,9,94.06,11.49,2023-12-19 15:02:35,2023-12-19 13:23:01
57,10,97.11,10.58,2023-12-19 15:02:33,2023-12-19 14:12:43
58,11,93.19,13.93,2023-12-19 15:02:34,2023-12-19 13:04:57
59,12,95.21,9.44,2023-12-19 15:02:36,2023-12-19 13:37:24
60,13,93.59,12.76,2023-12-19 15:02:38,2023-12-19 13:13:51
61,14,95.28,20.9,2023-12-19 15:02:38,2023-12-19 13:36:47
62,15,97.47,13.1,2023-12-19 15:02:39,2023-12-19 14:17:54
63,16,95.46,9.96,2023-12-19 15:02:39,2023-12-19 13:45:31
64,17,93.83,13.26,2023-12-19 15:02:40,2023-12-19 13:50:40
65,18,96.51,9.74,2023-12-19 15:02:40,2023-12-19 14:02:40
66,19,98.08,8.99,2023-12-19 15:02:41,2023-12-19 14:29:39
67,20,94.51,13.84,2023-12-19 15:02:42,2023-12-19 13:24:30
68,21,99.23,8.56,2023-12-19 15:02:41,2023-12-19 14:49:34
69,22,97.79,10.99,2023-12-19 15:02:43,2023-12-19 14:23:59
70,23,93.02,9.52,2023-12-19 15:02:42,2023-12-19 13:03:26
71,24,99.66,11.38,2023-12-19 15:02:43,2023-12-19 14:56:47
72,25,98.88,13.04,2023-12-19 15:02:43,2023-12-19 14:44:00
73,26,96.38,11.57,2023-12-19 15:02:44,2023-12-19 13:58:41
74,27,97.82,14.13,2023-12-19 15:02:45,2023-12-19 14:23:18
75,28,99.75,10.74,2023-12-19 15:02:45,2023-12-19 14:58:20
76,29,98.46,12.39,2023-12-19 15:02:46,2023-12-19 14:37:02
77,30,93.75,10.8,2023-12-19 15:02:46,2023-12-19 13:11:24
78,31,96.27,14.49,2023-12-19 15:02:47,2023-12-19 13:55:19
79,32,93.25,13.34,2023-12-19 15:02:47,2023-12-19 13:05:43
80,33,98.04,10.59,2023-12-19 15:02:48,2023-12-19 14:29:54
81,34,96.69,13.52,2023-12-19 15:02:48,2023-12-19 14:05:58
82,35,95.41,13.38,2023-12-19 15:02:49,2023-12-19 13:44:15
83,36,94.67,12.89,2023-12-19 15:02:49,2023-12-19 13:32:46
84,38,97.76,11.07,2023-12-19 15:02:50,2023-12-19 14:23:43
85,39,95.72,11.05,2023-12-19 15:02:50,2023-12-19 13:46:06
86,40,97.34,13.37,2023-12-19 15:02:51,2023-12-19 14:18:23
87,41,96.83,9.05,2023-12-19 15:02:52,2023-12-19 14:05:38
88,42,95.65,11.72,2023-12-19 15:02:52,2023-12-19 13:45:13
89,43,99.24,9.84,2023-12-19 15:02:52,2023-12-19 14:49:43
90,45,94.84,9.54,2023-12-19 15:02:53,2023-12-19 13:32:40
91,46,96.61,8.97,2023-12-19 15:02:52,2023-12-19 14:04:23
92,47,97.22,13.29,2023-12-19 15:02:53,2023-12-19 14:12:39
93,48,92.06,13.33,2023-12-19 15:02:53,2023-12-19 13:30:18
94,49,98.14,14.88,2023-12-19 15:02:53,2023-12-19 14:31:09
95,50,96.46,9.35,2023-12-19 15:02:54,2023-12-19 14:02:15
96,51,96.52,13.14,2023-12-19 15:02:55,2023-12-19 14:03:04
97,1,96.54,13.14,2023-12-19 15:02:35,2023-12-19 14:03:04
98,2,95.98,12.02,2023-12-19 15:02:36,2023-12-19 13:54:32
99,3,97.18,9.09,2023-12-19 15:02:37,2023-12-19 14:10:54
100,4,99.29,9.97,2023-12-19 15:02:34,2023-12-19 14:50:16
101,5,93.67,11.31,2023-12-19 15:02:34,2023-12-19 13:16:25
102,6,99.64,11.16,2023-12-19 15:02:37,2023-12-19 14:56:18
103,7,95.16,10.95,2023-12-19 15:02:34,2023-12-19 13:35:35
104,9,94.06,11.49,2023-12-19 15:02:35,2023-12-19 13:23:01
105,10,97.11,10.58,2023-12-19 15:02:33,2023-12-19 14:12:43
106,11,93.19,13.93,2023-12-19 15:02:34,2023-12-19 13:04:57
107,12,95.21,9.44,2023-12-19 15:02:36,2023-12-19 13:37:24
108,13,93.59,12.76,2023-12-19 15:02:38,2023-12-19 13:13:51
109,14,95.28,20.9,2023-12-19 15:02:38,2023-12-19 13:36:47
110,15,97.47,13.1,2023-12-19 15:02:39,2023-12-19 14:17:54
111,16,95.46,9.96,2023-12-19 15:02:39,2023-12-19 13:45:31
112,17,93.83,13.26,2023-12-19 15:02:40,2023-12-19 13:50:40
113,18,96.51,9.74,2023-12-19 15:02:40,2023-12-19 14:02:40
114,19,98.08,8.99,2023-12-19 15:02:41,2023-12-19 14:29:39
115,20,94.51,13.84,2023-12-19 15:02:42,2023-12-19 13:24:30
116,21,99.23,8.56,2023-12-19 15:02:41,2023-12-19 14:49:34
117,22,97.79,10.99,2023-12-19 15:02:43,2023-12-19 14:23:59
118,23,93.02,9.52,2023-12-19 15:02:42,2023-12-19 13:03:26
119,24,99.66,11.38,2023-12-19 15:02:43,2023-12-19 14:56:47
120,25,98.88,13.04,2023-12-19 15:02:43,2023-12-19 14:44:00
121,26,96.38,11.57,2023-12-19 15:02:44,2023-12-19 13:58:41
122,27,97.82,14.13,2023-12-19 15:02:45,2023-12-19 14:23:18
123,28,99.75,10.74,2023-12-19 15:02:45,2023-12-19 14:58:20
124,29,98.46,12.39,2023-12-19 15:02:46,2023-12-19 14:37:02
125,30,93.75,10.8,2023-12-19 15:02:46,2023-12-19 13:11:24
126,31,96.27,14.49,2023-12-19 15:02:47,2023-12-19 13:55:19
127,32,93.25,13.34,2023-12-19 15:02:47,2023-12-19 13:05:43
128,33,98.04,10.59,2023-12-19 15:02:48,2023-12-19 14:29:54
129,34,96.69,13.52,2023-12-19 15:02:48,2023-12-19 14:05:58
130,35,95.41,13.38,2023-12-19 15:02:49,2023-12-19 13:44:15
131,36,94.67,12.89,2023-12-19 15:02:49,2023-12-19 13:32:46
132,38,97.76,11.07,2023-12-19 15:02:50,2023-12-19 14:23:43
133,39,95.72,11.05,2023-12-19 15:02:50,2023-12-19 13:46:06
134,40,97.34,13.37,2023-12-19 15:02:51,2023-12-19 14:18:23
135,41,96.83,9.05,2023-12-19 15:02:52,2023-12-19 14:05:38
136,42,95.65,11.72,2023-12-19 15:02:52,2023-12-19 13:45:13
137,43,99.24,9.84,2023-12-19 15:02:52,2023-12-19 14:49:43
138,45,94.84,9.54,2023-12-19 15:02:53,2023-12-19 13:32:40
139,46,96.61,8.97,2023-12-19 15:02:52,2023-12-19 14:04:23
140,47,97.22,13.29,2023-12-19 15:02:53,2023-12-19 14:12:39
141,48,92.06,13.33,2023-12-19 15:02:53,2023-12-19 13:30:18
142,49,98.14,14.88,2023-12-19 15:02:53,2023-12-19 14:31:09
143,50,96.46,9.35,2023-12-19 15:02:54,2023-12-19 14:02:15
144,51,96.52,13.14,2023-12-19 15:02:55,2023-12-19 14:03:04
145,1,91.49,13.18,2023-12-19 16:29:35,2023-12-19 14:03:04
146,2,90.84,12.04,2023-12-19 16:29:34,2023-12-19 13:54:32
147,3,92.43,9.15,2023-12-19 16:29:37,2023-12-19 14:10:54
148,4,94.28,10.01,2023-12-19 16:29:35,2023-12-19 14:50:16
149,5,88.48,11.34,2023-12-19 16:29:36,2023-12-19 13:16:25
150,6,94.7,11.2,2023-12-19 16:29:36,2023-12-19 14:56:18
151,7,90.32,10.98,2023-12-19 16:29:35,2023-12-19 13:35:35
152,9,88.87,11.54,2023-12-19 16:29:37,2023-12-19 13:23:01
153,10,92.06,10.61,2023-12-19 16:29:36,2023-12-19 14:12:43
154,11,88.16,21.16,2023-12-19 16:29:36,2023-12-19 13:04:57
155,12,90.32,9.48,2023-12-19 16:29:38,2023-12-19 13:37:24
156,13,88.46,12.82,2023-12-19 16:29:39,2023-12-19 13:13:51
157,14,90.49,9.55,2023-12-19 16:29:40,2023-12-19 13:36:47
158,15,92.56,13.16,2023-12-19 16:29:41,2023-12-19 14:17:54
159,16,90.34,9.99,2023-12-19 16:29:41,2023-12-19 13:45:31
160,17,86.37,13.3,2023-12-19 16:29:41,2023-12-19 13:50:40
161,18,91.44,9.79,2023-12-19 16:29:42,2023-12-19 14:02:40
162,19,93.01,9.05,2023-12-19 16:29:43,2023-12-19 14:29:39
163,20,89.64,13.87,2023-12-19 16:29:42,2023-12-19 13:24:30
164,21,94.13,8.62,2023-12-19 16:29:43,2023-12-19 14:49:34
165,22,92.83,11.03,2023-12-19 16:29:44,2023-12-19 14:23:59
166,23,87.94,9.56,2023-12-19 16:29:44,2023-12-19 13:03:26
167,24,94.65,11.43,2023-12-19 16:29:44,2023-12-19 14:56:47
168,25,93.69,13.07,2023-12-19 16:29:45,2023-12-19 14:44:00
169,26,91.46,11.6,2023-12-19 16:29:45,2023-12-19 13:58:41
170,28,94.77,10.77,2023-12-19 16:29:45,2023-12-19 14:58:20
171,29,93.24,12.42,2023-12-19 16:29:46,2023-12-19 14:37:02
172,30,88.87,10.85,2023-12-19 16:29:46,2023-12-19 13:11:24
173,31,91.47,14.52,2023-12-19 16:29:47,2023-12-19 13:55:19
174,32,88.23,13.37,2023-12-19 16:29:47,2023-12-19 13:05:43
175,33,92.85,10.62,2023-12-19 16:29:47,2023-12-19 14:29:54
176,34,91.62,13.56,2023-12-19 16:29:47,2023-12-19 14:05:58
177,35,90.32,13.42,2023-12-19 16:29:49,2023-12-19 13:44:15
178,36,89.51,12.95,2023-12-19 16:29:48,2023-12-19 13:32:46
179,37,92.11,12.32,2023-12-19 16:29:49,2023-12-19 14:09:55
180,38,92.79,11.1,2023-12-19 16:29:50,2023-12-19 14:23:43
181,39,90.86,11.08,2023-12-19 16:29:50,2023-12-19 13:46:06
182,40,92.15,13.41,2023-12-19 16:29:50,2023-12-19 14:18:23
183,41,92.0,9.1,2023-12-19 16:29:51,2023-12-19 14:05:38
184,42,90.79,11.77,2023-12-19 16:29:51,2023-12-19 13:45:13
185,43,94.2,9.87,2023-12-19 16:29:52,2023-12-19 14:49:43
186,45,89.87,9.58,2023-12-19 16:29:51,2023-12-19 13:32:40
187,46,91.56,9.02,2023-12-19 16:29:51,2023-12-19 14:04:23
188,47,92.42,13.33,2023-12-19 16:29:52,2023-12-19 14:12:39
189,48,84.61,13.35,2023-12-19 16:29:52,2023-12-19 13:30:18
190,49,93.04,14.9,2023-12-19 16:29:52,2023-12-19 14:31:09
191,50,91.39,9.41,2023-12-19 16:29:53,2023-12-19 14:02:15
192,51,91.47,13.18,2023-12-19 16:29:54,2023-12-19 14:03:04
193,1,91.4,13.19,2023-12-19 16:31:02,2023-12-19 14:03:04
194,2,90.76,12.04,2023-12-19 16:31:01,2023-12-19 13:54:32
195,3,92.35,9.15,2023-12-19 16:31:03,2023-12-19 14:10:54
196,4,94.19,10.02,2023-12-19 16:31:00,2023-12-19 14:50:16
197,5,88.39,11.34,2023-12-19 16:31:04,2023-12-19 13:16:25
198,6,94.62,11.2,2023-12-19 16:31:01,2023-12-19 14:56:18
199,7,90.24,10.98,2023-12-19 16:31:02,2023-12-19 13:35:35
200,9,88.78,11.55,2023-12-19 16:31:03,2023-12-19 13:23:01
201,10,91.98,10.61,2023-12-19 16:31:01,2023-12-19 14:12:43
202,11,88.08,13.96,2023-12-19 16:31:03,2023-12-19 13:04:57
203,12,90.25,9.48,2023-12-19 16:31:01,2023-12-19 13:37:24
204,13,88.37,12.83,2023-12-19 16:31:05,2023-12-19 13:13:51
205,14,90.41,9.55,2023-12-19 16:31:05,2023-12-19 13:36:47
206,15,92.48,13.16,2023-12-19 16:31:05,2023-12-19 14:17:54
207,16,90.26,9.99,2023-12-19 16:31:06,2023-12-19 13:45:31
208,17,86.25,13.3,2023-12-19 16:31:06,2023-12-19 13:50:40
209,19,92.92,9.06,2023-12-19 16:31:07,2023-12-19 14:29:39
210,20,89.56,13.87,2023-12-19 16:31:08,2023-12-19 13:24:30
211,21,94.04,8.62,2023-12-19 16:31:07,2023-12-19 14:49:34
212,22,92.75,11.04,2023-12-19 16:31:08,2023-12-19 14:23:59
213,23,87.85,9.56,2023-12-19 16:31:08,2023-12-19 13:03:26
214,24,94.57,11.43,2023-12-19 16:31:08,2023-12-19 14:56:47
215,25,93.6,13.07,2023-12-19 16:31:10,2023-12-19 14:44:00
216,26,91.38,11.6,2023-12-19 16:31:09,2023-12-19 13:58:41
217,28,94.69,10.77,2023-12-19 16:31:09,2023-12-19 14:58:20
218,29,93.16,12.42,2023-12-19 16:31:10,2023-12-19 14:37:02
219,30,88.79,10.86,2023-12-19 16:31:11,2023-12-19 13:11:24
220,31,91.39,14.52,2023-12-19 16:31:11,2023-12-19 13:55:19
221,32,88.15,13.37,2023-12-19 16:31:11,2023-12-19 13:05:43
222,33,92.76,10.62,2023-12-19 16:31:12,2023-12-19 14:29:54
223,34,91.54,13.57,2023-12-19 16:31:12,2023-12-19 14:05:58
224,35,90.24,13.43,2023-12-19 16:31:13,2023-12-19 13:44:15
225,36,89.43,12.95,2023-12-19 16:31:14,2023-12-19 13:32:46
226,37,92.03,12.33,2023-12-19 16:31:14,2023-12-19 14:09:55
227,38,92.71,11.1,2023-12-19 16:31:14,2023-12-19 14:23:43
228,39,90.78,11.08,2023-12-19 16:31:15,2023-12-19 13:46:06
229,40,92.07,13.41,2023-12-19 16:31:14,2023-12-19 14:18:23
230,41,91.92,9.11,2023-12-19 16:31:16,2023-12-19 14:05:38
231,42,90.71,11.78,2023-12-19 16:31:16,2023-12-19 13:45:13
232,43,94.12,9.87,2023-12-19 16:31:17,2023-12-19 14:49:43
233,45,89.78,9.59,2023-12-19 16:31:17,2023-12-19 13:32:40
234,46,91.48,9.03,2023-12-19 16:31:17,2023-12-19 14:04:23
235,47,92.34,13.34,2023-12-19 16:31:18,2023-12-19 14:12:39
236,48,84.49,13.35,2023-12-19 16:31:18,2023-12-19 13:30:18
237,49,92.96,14.9,2023-12-19 16:31:18,2023-12-19 14:31:09
238,50,91.31,9.41,2023-12-19 16:31:19,2023-12-19 14:02:15
239,51,91.39,13.19,2023-12-19 16:31:19,2023-12-19 14:03:04
240,1,91.32,13.19,2023-12-19 16:32:28,2023-12-19 14:03:04
241,2,90.67,12.04,2023-12-19 16:32:30,2023-12-19 13:54:32
242,3,92.27,9.16,2023-12-19 16:32:26,2023-12-19 14:10:54
243,4,94.11,10.02,2023-12-19 16:32:28,2023-12-19 14:50:16
244,5,88.31,11.34,2023-12-19 16:32:27,2023-12-19 13:16:25
245,6,94.54,11.21,2023-12-19 16:32:27,2023-12-19 14:56:18
246,7,90.16,10.98,2023-12-19 16:32:30,2023-12-19 13:35:35
247,9,88.7,11.55,2023-12-19 16:32:29,2023-12-19 13:23:01
248,10,91.9,10.61,2023-12-19 16:32:29,2023-12-19 14:12:43
249,11,87.99,13.96,2023-12-19 16:32:29,2023-12-19 13:04:57
250,12,90.16,9.48,2023-12-19 16:32:28,2023-12-19 13:37:24
251,13,88.29,12.83,2023-12-19 16:32:31,2023-12-19 13:13:51
252,14,90.33,9.56,2023-12-19 16:32:32,2023-12-19 13:36:47
253,15,92.4,13.17,2023-12-19 16:32:32,2023-12-19 14:17:54
254,16,90.17,10.0,2023-12-19 16:32:33,2023-12-19 13:45:31
255,17,86.12,13.3,2023-12-19 16:32:33,2023-12-19 13:50:40
256,18,91.28,9.8,2023-12-19 16:32:34,2023-12-19 14:02:40
257,19,92.84,9.06,2023-12-19 16:32:33,2023-12-19 14:29:39
258,20,89.48,13.87,2023-12-19 16:32:34,2023-12-19 13:24:30
259,21,93.96,8.63,2023-12-19 16:32:34,2023-12-19 14:49:34
260,22,92.67,23.36,2023-12-19 16:32:34,2023-12-19 14:23:59
261,23,87.77,9.56,2023-12-19 16:32:34,2023-12-19 13:03:26
262,24,94.48,11.44,2023-12-19 16:32:35,2023-12-19 14:56:47
263,25,93.52,13.07,2023-12-19 16:32:35,2023-12-19 14:44:00
264,26,91.3,11.6,2023-12-19 16:32:36,2023-12-19 13:58:41
265,27,92.86,14.16,2023-12-19 16:32:37,2023-12-19 14:23:18
266,28,94.61,10.77,2023-12-19 16:32:38,2023-12-19 14:58:20
267,29,93.07,12.42,2023-12-19 16:32:37,2023-12-19 14:37:02
268,30,88.7,10.86,2023-12-19 16:32:38,2023-12-19 13:11:24
269,31,91.31,14.52,2023-12-19 16:32:38,2023-12-19 13:55:19
270,32,88.06,13.38,2023-12-19 16:32:39,2023-12-19 13:05:43
271,33,92.68,10.62,2023-12-19 16:32:39,2023-12-19 14:29:54
272,34,91.45,13.57,2023-12-19 16:32:39,2023-12-19 14:05:58
273,35,90.15,13.43,2023-12-19 16:32:40,2023-12-19 13:44:15
274,36,89.34,12.95,2023-12-19 16:32:40,2023-12-19 13:32:46
275,37,91.95,12.33,2023-12-19 16:32:41,2023-12-19 14:09:55
276,38,92.63,11.1,2023-12-19 16:32:42,2023-12-19 14:23:43
277,39,90.7,11.08,2023-12-19 16:32:43,2023-12-19 13:46:06
278,40,91.98,13.42,2023-12-19 16:32:43,2023-12-19 14:18:23
279,41,91.84,9.11,2023-12-19 16:32:43,2023-12-19 14:05:38
280,42,90.62,11.78,2023-12-19 16:32:43,2023-12-19 13:45:13
281,43,94.03,9.88,2023-12-19 16:32:44,2023-12-19 14:49:43
282,45,89.7,9.59,2023-12-19 16:32:45,2023-12-19 13:32:40
283,46,91.39,9.03,2023-12-19 16:32:44,2023-12-19 14:04:23
284,47,92.26,13.34,2023-12-19 16:32:45,2023-12-19 14:12:39
285,48,84.36,13.35,2023-12-19 16:32:46,2023-12-19 13:30:18
286,49,92.87,14.9,2023-12-19 16:32:45,2023-12-19 14:31:09
287,50,91.22,9.42,2023-12-19 16:32:46,2023-12-19 14:02:15
288,51,91.3,13.19,2023-12-19 16:32:46,2023-12-19 14:03:04
289,1,91.24,13.19,2023-12-19 16:33:54,2023-12-19 14:03:04
290,2,90.59,12.04,2023-12-19 16:33:55,2023-12-19 13:54:32
291,3,92.19,9.16,2023-12-19 16:33:55,2023-12-19 14:10:54
292,4,94.03,10.02,2023-12-19 16:33:52,2023-12-19 14:50:16
293,5,88.22,11.34,2023-12-19 16:33:51,2023-12-19 13:16:25
294,6,94.46,11.21,2023-12-19 16:33:53,2023-12-19 14:56:18
295,7,90.08,10.98,2023-12-19 16:33:53,2023-12-19 13:35:35
296,9,88.62,11.55,2023-12-19 16:33:53,2023-12-19 13:23:01
297,10,91.81,10.61,2023-12-19 16:33:55,2023-12-19 14:12:43
298,11,87.91,13.96,2023-12-19 16:33:53,2023-12-19 13:04:57
299,12,90.09,9.48,2023-12-19 16:33:52,2023-12-19 13:37:24
300,13,88.21,12.84,2023-12-19 16:33:55,2023-12-19 13:13:51
301,14,90.26,9.56,2023-12-19 16:33:56,2023-12-19 13:36:47
302,15,92.32,13.17,2023-12-19 16:33:56,2023-12-19 14:17:54
303,16,90.09,10.0,2023-12-19 16:33:58,2023-12-19 13:45:31
304,17,86.0,13.3,2023-12-19 16:33:58,2023-12-19 13:50:40
305,18,91.2,9.8,2023-12-19 16:33:57,2023-12-19 14:02:40
306,19,92.76,9.07,2023-12-19 16:33:58,2023-12-19 14:29:39
307,20,89.4,13.87,2023-12-19 16:33:58,2023-12-19 13:24:30
308,21,93.88,8.63,2023-12-19 16:33:59,2023-12-19 14:49:34
309,22,92.59,11.04,2023-12-19 16:33:59,2023-12-19 14:23:59
310,23,87.69,9.57,2023-12-19 16:34:00,2023-12-19 13:03:26
311,24,94.4,11.44,2023-12-19 16:34:00,2023-12-19 14:56:47
312,25,93.43,13.07,2023-12-19 16:34:01,2023-12-19 14:44:00
313,26,91.22,11.6,2023-12-19 16:34:00,2023-12-19 13:58:41
314,27,92.78,14.17,2023-12-19 16:34:00,2023-12-19 14:23:18
315,28,94.53,10.77,2023-12-19 16:34:01,2023-12-19 14:58:20
316,29,92.99,12.42,2023-12-19 16:34:01,2023-12-19 14:37:02
317,30,88.63,10.87,2023-12-19 16:34:01,2023-12-19 13:11:24
318,31,91.23,14.53,2023-12-19 16:34:02,2023-12-19 13:55:19
319,32,87.98,13.38,2023-12-19 16:34:02,2023-12-19 13:05:43
320,33,92.6,10.62,2023-12-19 16:34:02,2023-12-19 14:29:54
321,34,91.37,13.57,2023-12-19 16:34:02,2023-12-19 14:05:58
322,35,90.07,13.43,2023-12-19 16:34:03,2023-12-19 13:44:15
323,36,89.26,12.96,2023-12-19 16:34:03,2023-12-19 13:32:46
324,37,91.87,12.33,2023-12-19 16:34:03,2023-12-19 14:09:55
325,38,92.55,11.1,2023-12-19 16:34:03,2023-12-19 14:23:43
326,39,90.62,29.63,2023-12-19 16:34:04,2023-12-19 13:46:06
327,40,91.9,13.42,2023-12-19 16:34:05,2023-12-19 14:18:23
328,41,91.77,9.11,2023-12-19 16:34:05,2023-12-19 14:05:38
329,42,90.55,11.79,2023-12-19 16:34:07,2023-12-19 13:45:13
330,43,93.95,9.88,2023-12-19 16:34:06,2023-12-19 14:49:43
331,45,89.62,9.59,2023-12-19 16:34:06,2023-12-19 13:32:40
332,46,91.31,17.98,2023-12-19 16:34:06,2023-12-19 14:04:23
333,47,92.18,13.34,2023-12-19 16:34:08,2023-12-19 14:12:39
334,48,84.24,13.36,2023-12-19 16:34:08,2023-12-19 13:30:18
335,50,91.14,9.42,2023-12-19 16:34:09,2023-12-19 14:02:15
336,51,91.22,13.19,2023-12-19 16:34:10,2023-12-19 14:03:04
337,1,91.16,13.2,2023-12-19 16:35:17,2023-12-19 14:03:04
338,2,90.51,12.04,2023-12-19 16:35:17,2023-12-19 13:54:32
339,3,92.12,9.17,2023-12-19 16:35:16,2023-12-19 14:10:54
340,4,93.95,10.03,2023-12-19 16:35:15,2023-12-19 14:50:16
341,5,88.14,11.34,2023-12-19 16:35:16,2023-12-19 13:16:25
342,6,94.38,11.21,2023-12-19 16:35:15,2023-12-19 14:56:18
343,7,90.01,10.98,2023-12-19 16:35:15,2023-12-19 13:35:35
344,9,88.53,11.56,2023-12-19 16:35:16,2023-12-19 13:23:01
345,10,91.74,10.62,2023-12-19 16:35:17,2023-12-19 14:12:43
346,11,87.83,13.96,2023-12-19 16:35:16,2023-12-19 13:04:57
347,12,90.01,9.49,2023-12-19 16:35:18,2023-12-19 13:37:24
348,13,88.13,12.84,2023-12-19 16:35:18,2023-12-19 13:13:51
349,14,90.18,9.56,2023-12-19 16:35:19,2023-12-19 13:36:47
350,15,92.24,13.17,2023-12-19 16:35:22,2023-12-19 14:17:54
351,16,90.01,10.0,2023-12-19 16:35:19,2023-12-19 13:45:31
352,17,85.89,13.31,2023-12-19 16:35:20,2023-12-19 13:50:40
353,18,91.12,9.8,2023-12-19 16:35:20,2023-12-19 14:02:40
354,19,92.68,9.07,2023-12-19 16:35:21,2023-12-19 14:29:39
355,20,89.33,13.88,2023-12-19 16:35:21,2023-12-19 13:24:30
356,21,93.8,8.63,2023-12-19 16:35:21,2023-12-19 14:49:34
357,22,92.51,11.04,2023-12-19 16:35:21,2023-12-19 14:23:59
358,23,87.61,9.57,2023-12-19 16:35:21,2023-12-19 13:03:26
359,24,94.32,11.45,2023-12-19 16:35:22,2023-12-19 14:56:47
360,25,93.35,13.08,2023-12-19 16:35:23,2023-12-19 14:44:00
361,26,91.14,11.61,2023-12-19 16:35:23,2023-12-19 13:58:41
362,27,92.71,14.17,2023-12-19 16:35:23,2023-12-19 14:23:18
363,28,94.45,15.29,2023-12-19 16:35:24,2023-12-19 14:58:20
364,29,92.9,12.42,2023-12-19 16:35:24,2023-12-19 14:37:02
365,30,88.55,11.37,2023-12-19 16:35:25,2023-12-19 13:11:24
366,31,91.15,14.53,2023-12-19 16:35:25,2023-12-19 13:55:19
367,32,87.9,13.38,2023-12-19 16:35:25,2023-12-19 13:05:43
368,33,92.51,10.62,2023-12-19 16:35:26,2023-12-19 14:29:54
369,34,91.29,13.58,2023-12-19 16:35:25,2023-12-19 14:05:58
370,35,89.99,13.43,2023-12-19 16:35:26,2023-12-19 13:44:15
371,36,89.18,12.96,2023-12-19 16:35:27,2023-12-19 13:32:46
372,37,91.79,12.34,2023-12-19 16:35:27,2023-12-19 14:09:55
373,38,92.47,11.1,2023-12-19 16:35:28,2023-12-19 14:23:43
374,39,90.55,11.09,2023-12-19 16:35:28,2023-12-19 13:46:06
375,40,91.81,13.42,2023-12-19 16:35:29,2023-12-19 14:18:23
376,42,90.47,11.79,2023-12-19 16:35:30,2023-12-19 13:45:13
377,43,93.87,9.88,2023-12-19 16:35:30,2023-12-19 14:49:43
378,45,89.54,9.6,2023-12-19 16:35:30,2023-12-19 13:32:40
379,46,91.23,9.04,2023-12-19 16:35:31,2023-12-19 14:04:23
380,47,92.11,13.35,2023-12-19 16:35:30,2023-12-19 14:12:39
381,48,84.12,13.36,2023-12-19 16:35:31,2023-12-19 13:30:18
382,49,92.71,14.91,2023-12-19 16:35:32,2023-12-19 14:31:09
383,50,91.06,9.42,2023-12-19 16:35:31,2023-12-19 14:02:15
384,51,91.14,13.2,2023-12-19 16:35:32,2023-12-19 14:03:04
385,1,91.08,13.2,2023-12-19 16:36:38,2023-12-19 14:03:04
386,2,90.42,12.05,2023-12-19 16:36:40,2023-12-19 13:54:32
387,3,92.04,14.55,2023-12-19 16:36:37,2023-12-19 14:10:54
388,4,93.87,27.14,2023-12-19 16:36:39,2023-12-19 14:50:16
389,5,88.06,11.35,2023-12-19 16:36:37,2023-12-19 13:16:25
390,6,94.31,11.21,2023-12-19 16:36:36,2023-12-19 14:56:18
391,7,89.93,10.99,2023-12-19 16:36:38,2023-12-19 13:35:35
392,9,88.45,11.56,2023-12-19 16:36:39,2023-12-19 13:23:01
393,10,91.66,10.62,2023-12-19 16:36:39,2023-12-19 14:12:43
394,11,87.75,13.97,2023-12-19 16:36:40,2023-12-19 13:04:57
395,12,89.93,9.49,2023-12-19 16:36:38,2023-12-19 13:37:24
396,13,88.04,12.84,2023-12-19 16:36:41,2023-12-19 13:13:51
397,14,90.11,9.57,2023-12-19 16:36:41,2023-12-19 13:36:47
398,15,92.17,13.18,2023-12-19 16:36:40,2023-12-19 14:17:54
399,16,89.93,10.0,2023-12-19 16:36:41,2023-12-19 13:45:31
400,17,85.77,13.31,2023-12-19 16:36:42,2023-12-19 13:50:40
401,18,91.03,9.81,2023-12-19 16:36:43,2023-12-19 14:02:40
402,19,92.6,9.07,2023-12-19 16:36:43,2023-12-19 14:29:39
403,20,89.25,13.88,2023-12-19 16:36:43,2023-12-19 13:24:30
404,21,93.71,8.64,2023-12-19 16:36:44,2023-12-19 14:49:34
405,22,92.44,11.05,2023-12-19 16:36:44,2023-12-19 14:23:59
406,23,87.53,9.57,2023-12-19 16:36:45,2023-12-19 13:03:26
407,24,94.24,11.45,2023-12-19 16:36:45,2023-12-19 14:56:47
408,25,93.27,13.08,2023-12-19 16:36:46,2023-12-19 14:44:00
409,26,91.06,11.61,2023-12-19 16:36:46,2023-12-19 13:58:41
410,27,92.63,14.17,2023-12-19 16:36:46,2023-12-19 14:23:18
411,28,94.37,10.78,2023-12-19 16:36:46,2023-12-19 14:58:20
412,29,92.82,12.43,2023-12-19 16:36:47,2023-12-19 14:37:02
413,30,88.47,10.87,2023-12-19 16:36:46,2023-12-19 13:11:24
414,31,91.08,14.53,2023-12-19 16:36:47,2023-12-19 13:55:19
415,32,87.82,13.38,2023-12-19 16:36:47,2023-12-19 13:05:43
416,33,92.43,10.62,2023-12-19 16:36:48,2023-12-19 14:29:54
417,34,91.21,13.58,2023-12-19 16:36:48,2023-12-19 14:05:58
418,35,89.91,13.44,2023-12-19 16:36:49,2023-12-19 13:44:15
419,36,89.1,12.97,2023-12-19 16:36:49,2023-12-19 13:32:46
420,37,91.71,12.34,2023-12-19 16:36:50,2023-12-19 14:09:55
421,38,92.39,11.11,2023-12-19 16:36:50,2023-12-19 14:23:43
422,39,90.47,11.09,2023-12-19 16:36:52,2023-12-19 13:46:06
423,40,91.73,13.43,2023-12-19 16:36:50,2023-12-19 14:18:23
424,41,91.61,9.12,2023-12-19 16:36:52,2023-12-19 14:05:38
425,42,90.39,11.8,2023-12-19 16:36:53,2023-12-19 13:45:13
426,43,93.79,9.88,2023-12-19 16:36:52,2023-12-19 14:49:43
427,45,89.46,9.6,2023-12-19 16:36:54,2023-12-19 13:32:40
428,46,91.15,9.04,2023-12-19 16:36:54,2023-12-19 14:04:23
429,47,92.03,13.35,2023-12-19 16:36:54,2023-12-19 14:12:39
430,48,84.0,13.36,2023-12-19 16:36:55,2023-12-19 13:30:18
431,49,92.63,14.91,2023-12-19 16:36:56,2023-12-19 14:31:09
432,50,90.98,9.43,2023-12-19 16:36:56,2023-12-19 14:02:15
433,51,91.06,13.2,2023-12-19 16:36:57,2023-12-19 14:03:04
434,1,91.0,13.2,2023-12-19 16:38:02,2023-12-19 14:03:04
435,2,90.34,12.05,2023-12-19 16:38:06,2023-12-19 13:54:32
436,3,91.96,9.17,2023-12-19 16:38:07,2023-12-19 14:10:54
437,4,93.79,10.03,2023-12-19 16:38:04,2023-12-19 14:50:16
438,5,87.97,11.35,2023-12-19 16:38:03,2023-12-19 13:16:25
439,6,94.22,11.22,2023-12-19 16:38:04,2023-12-19 14:56:18
440,7,89.85,10.99,2023-12-19 16:38:04,2023-12-19 13:35:35
441,9,88.37,11.57,2023-12-19 16:38:03,2023-12-19 13:23:01
442,10,91.57,10.62,2023-12-19 16:38:06,2023-12-19 14:12:43
443,11,87.67,13.97,2023-12-19 16:38:02,2023-12-19 13:04:57
444,12,89.85,9.49,2023-12-19 16:38:05,2023-12-19 13:37:24
445,13,87.96,12.85,2023-12-19 16:38:08,2023-12-19 13:13:51
446,14,90.02,9.57,2023-12-19 16:38:09,2023-12-19 13:36:47
447,15,92.08,13.18,2023-12-19 16:38:09,2023-12-19 14:17:54
448,16,89.84,10.01,2023-12-19 16:38:10,2023-12-19 13:45:31
449,17,85.64,13.31,2023-12-19 16:38:09,2023-12-19 13:50:40
450,18,90.95,9.81,2023-12-19 16:38:10,2023-12-19 14:02:40
451,19,92.51,9.08,2023-12-19 16:38:12,2023-12-19 14:29:39
452,21,93.63,8.64,2023-12-19 16:38:11,2023-12-19 14:49:34
453,22,92.35,11.05,2023-12-19 16:38:12,2023-12-19 14:23:59
454,23,87.44,9.57,2023-12-19 16:38:13,2023-12-19 13:03:26
455,24,94.16,13.14,2023-12-19 16:38:12,2023-12-19 14:56:47
456,25,93.18,13.08,2023-12-19 16:38:13,2023-12-19 14:44:00
457,26,90.98,11.61,2023-12-19 16:38:14,2023-12-19 13:58:41
458,27,92.55,14.17,2023-12-19 16:38:14,2023-12-19 14:23:18
459,28,94.28,10.78,2023-12-19 16:38:15,2023-12-19 14:58:20
460,29,92.73,28.87,2023-12-19 16:38:15,2023-12-19 14:37:02
461,30,88.39,10.88,2023-12-19 16:38:17,2023-12-19 13:11:24
462,31,91.0,14.53,2023-12-19 16:38:16,2023-12-19 13:55:19
463,32,87.74,13.39,2023-12-19 16:38:16,2023-12-19 13:05:43
464,33,92.34,10.63,2023-12-19 16:38:18,2023-12-19 14:29:54
465,34,91.13,13.58,2023-12-19 16:38:18,2023-12-19 14:05:58
466,35,89.82,13.44,2023-12-19 16:38:19,2023-12-19 13:44:15
467,36,89.01,12.97,2023-12-19 16:38:19,2023-12-19 13:32:46
468,37,91.63,12.35,2023-12-19 16:38:19,2023-12-19 14:09:55
469,38,92.31,11.11,2023-12-19 16:38:21,2023-12-19 14:23:43
470,39,90.39,11.09,2023-12-19 16:38:20,2023-12-19 13:46:06
471,40,91.64,13.43,2023-12-19 16:38:22,2023-12-19 14:18:23
472,41,91.53,9.13,2023-12-19 16:38:21,2023-12-19 14:05:38
473,42,90.31,11.8,2023-12-19 16:38:21,2023-12-19 13:45:13
474,43,93.71,9.89,2023-12-19 16:38:21,2023-12-19 14:49:43
475,45,89.38,9.6,2023-12-19 16:38:22,2023-12-19 13:32:40
476,46,91.06,9.05,2023-12-19 16:38:23,2023-12-19 14:04:23
477,47,91.95,13.35,2023-12-19 16:38:23,2023-12-19 14:12:39
478,48,83.88,13.36,2023-12-19 16:38:24,2023-12-19 13:30:18
479,49,92.54,14.91,2023-12-19 16:38:24,2023-12-19 14:31:09
480,50,90.89,15.43,2023-12-19 16:38:25,2023-12-19 14:02:15
481,51,90.98,13.2,2023-12-19 16:38:25,2023-12-19 14:03:04
482,1,90.91,13.21,2023-12-19 16:39:32,2023-12-19 14:03:04
483,3,91.88,9.18,2023-12-19 16:39:34,2023-12-19 14:10:54
484,4,93.7,10.04,2023-12-19 16:39:33,2023-12-19 14:50:16
485,5,87.88,11.35,2023-12-19 16:39:32,2023-12-19 13:16:25
486,6,94.14,11.22,2023-12-19 16:39:31,2023-12-19 14:56:18
487,7,89.77,10.99,2023-12-19 16:39:33,2023-12-19 13:35:35
488,9,88.28,11.57,2023-12-19 16:39:31,2023-12-19 13:23:01
489,10,91.49,10.62,2023-12-19 16:39:32,2023-12-19 14:12:43
490,11,87.58,13.97,2023-12-19 16:39:32,2023-12-19 13:04:57
491,12,89.77,9.5,2023-12-19 16:39:30,2023-12-19 13:37:24
492,13,87.88,12.85,2023-12-19 16:39:34,2023-12-19 13:13:51
493,14,89.95,9.58,2023-12-19 16:39:34,2023-12-19 13:36:47
494,15,92.0,13.19,2023-12-19 16:39:35,2023-12-19 14:17:54
495,16,89.76,10.01,2023-12-19 16:39:36,2023-12-19 13:45:31
496,17,85.52,13.31,2023-12-19 16:39:35,2023-12-19 13:50:40
497,18,90.87,9.82,2023-12-19 16:39:36,2023-12-19 14:02:40
498,19,92.43,29.65,2023-12-19 16:39:36,2023-12-19 14:29:39
499,20,89.09,13.88,2023-12-19 16:39:38,2023-12-19 13:24:30
500,21,93.55,8.65,2023-12-19 16:39:36,2023-12-19 14:49:34
501,22,92.27,11.05,2023-12-19 16:39:38,2023-12-19 14:23:59
502,23,87.36,9.58,2023-12-19 16:39:37,2023-12-19 13:03:26
503,24,94.08,11.46,2023-12-19 16:39:39,2023-12-19 14:56:47
504,25,93.1,15.42,2023-12-19 16:39:38,2023-12-19 14:44:00
505,26,90.9,18.84,2023-12-19 16:39:40,2023-12-19 13:58:41
506,27,92.47,14.17,2023-12-19 16:39:40,2023-12-19 14:23:18
507,28,94.2,10.78,2023-12-19 16:39:40,2023-12-19 14:58:20
508,29,92.65,12.43,2023-12-19 16:39:41,2023-12-19 14:37:02
509,30,88.31,10.88,2023-12-19 16:39:42,2023-12-19 13:11:24
510,31,90.92,14.54,2023-12-19 16:39:42,2023-12-19 13:55:19
511,32,87.65,13.39,2023-12-19 16:39:43,2023-12-19 13:05:43
512,33,92.26,10.63,2023-12-19 16:39:42,2023-12-19 14:29:54
513,34,91.04,13.59,2023-12-19 16:39:43,2023-12-19 14:05:58
514,35,89.74,13.44,2023-12-19 16:39:44,2023-12-19 13:44:15
515,36,88.93,12.98,2023-12-19 16:39:43,2023-12-19 13:32:46
516,37,91.55,12.35,2023-12-19 16:39:44,2023-12-19 14:09:55
517,38,92.23,11.11,2023-12-19 16:39:44,2023-12-19 14:23:43
518,39,90.31,11.1,2023-12-19 16:39:44,2023-12-19 13:46:06
519,40,91.56,13.43,2023-12-19 16:39:45,2023-12-19 14:18:23
520,41,91.45,9.13,2023-12-19 16:39:46,2023-12-19 14:05:38
521,42,90.23,11.8,2023-12-19 16:39:45,2023-12-19 13:45:13
522,43,93.63,9.89,2023-12-19 16:39:46,2023-12-19 14:49:43
523,45,89.3,9.61,2023-12-19 16:39:46,2023-12-19 13:32:40
524,46,90.98,9.05,2023-12-19 16:39:47,2023-12-19 14:04:23
525,47,91.87,13.36,2023-12-19 16:39:47,2023-12-19 14:12:39
526,48,83.76,13.36,2023-12-19 16:39:47,2023-12-19 13:30:18
527,49,92.46,14.91,2023-12-19 16:39:47,2023-12-19 14:31:09
528,50,90.81,9.44,2023-12-19 16:39:48,2023-12-19 14:02:15
529,51,90.9,13.21,2023-12-19 16:39:49,2023-12-19 14:03:04
530,1,90.83,13.21,2023-12-19 16:40:57,2023-12-19 14:03:04
531,2,90.17,12.05,2023-12-19 16:40:56,2023-12-19 13:54:32
532,3,91.81,9.18,2023-12-19 16:40:56,2023-12-19 14:10:54
533,4,93.62,10.04,2023-12-19 16:40:57,2023-12-19 14:50:16
534,5,87.81,11.35,2023-12-19 16:40:53,2023-12-19 13:16:25
535,6,94.06,11.22,2023-12-19 16:40:55,2023-12-19 14:56:18
536,7,89.7,10.99,2023-12-19 16:40:52,2023-12-19 13:35:35
537,9,88.2,11.57,2023-12-19 16:40:53,2023-12-19 13:23:01
538,10,91.41,10.62,2023-12-19 16:40:56,2023-12-19 14:12:43
539,11,87.5,13.97,2023-12-19 16:40:55,2023-12-19 13:04:57
540,12,89.69,9.5,2023-12-19 16:40:54,2023-12-19 13:37:24
541,13,87.79,12.86,2023-12-19 16:40:58,2023-12-19 13:13:51
542,14,89.87,9.58,2023-12-19 16:40:58,2023-12-19 13:36:47
543,15,91.92,13.19,2023-12-19 16:40:59,2023-12-19 14:17:54
544,16,89.68,10.01,2023-12-19 16:40:59,2023-12-19 13:45:31
545,17,85.4,13.32,2023-12-19 16:40:59,2023-12-19 13:50:40
546,18,90.79,9.82,2023-12-19 16:40:59,2023-12-19 14:02:40
547,19,92.35,9.09,2023-12-19 16:41:00,2023-12-19 14:29:39
548,20,89.01,13.88,2023-12-19 16:41:00,2023-12-19 13:24:30
549,21,93.46,8.65,2023-12-19 16:41:01,2023-12-19 14:49:34
550,22,92.19,20.84,2023-12-19 16:41:02,2023-12-19 14:23:59
551,23,87.27,9.58,2023-12-19 16:41:02,2023-12-19 13:03:26
552,24,94.0,11.46,2023-12-19 16:41:03,2023-12-19 14:56:47
553,25,93.01,13.09,2023-12-19 16:41:03,2023-12-19 14:44:00
554,26,90.82,11.62,2023-12-19 16:41:04,2023-12-19 13:58:41
555,27,92.39,14.18,2023-12-19 16:41:04,2023-12-19 14:23:18
556,28,94.12,10.79,2023-12-19 16:41:04,2023-12-19 14:58:20
557,29,92.56,12.43,2023-12-19 16:41:05,2023-12-19 14:37:02
558,30,88.23,10.89,2023-12-19 16:41:05,2023-12-19 13:11:24
559,31,90.84,14.54,2023-12-19 16:41:05,2023-12-19 13:55:19
560,32,87.57,13.39,2023-12-19 16:41:05,2023-12-19 13:05:43
561,33,92.17,10.63,2023-12-19 16:41:06,2023-12-19 14:29:54
562,34,90.96,13.59,2023-12-19 16:41:06,2023-12-19 14:05:58
563,35,89.66,13.45,2023-12-19 16:41:07,2023-12-19 13:44:15
564,36,88.84,12.98,2023-12-19 16:41:06,2023-12-19 13:32:46
565,37,91.47,24.38,2023-12-19 16:41:08,2023-12-19 14:09:55
566,38,92.15,11.11,2023-12-19 16:41:07,2023-12-19 14:23:43
567,39,90.23,11.1,2023-12-19 16:41:07,2023-12-19 13:46:06
568,40,91.48,13.43,2023-12-19 16:41:08,2023-12-19 14:18:23
569,41,91.38,9.13,2023-12-19 16:41:09,2023-12-19 14:05:38
570,42,90.15,11.81,2023-12-19 16:41:08,2023-12-19 13:45:13
571,43,93.55,15.44,2023-12-19 16:41:09,2023-12-19 14:49:43
572,45,89.22,9.61,2023-12-19 16:41:11,2023-12-19 13:32:40
573,46,90.9,14.25,2023-12-19 16:41:11,2023-12-19 14:04:23
574,47,91.79,13.36,2023-12-19 16:41:11,2023-12-19 14:12:39
575,48,83.64,13.37,2023-12-19 16:41:12,2023-12-19 13:30:18
576,49,92.38,14.91,2023-12-19 16:41:12,2023-12-19 14:31:09
577,50,90.73,9.44,2023-12-19 16:41:13,2023-12-19 14:02:15
578,51,90.81,13.21,2023-12-19 16:41:12,2023-12-19 14:03:04
579,1,90.75,13.21,2023-12-19 16:42:18,2023-12-19 14:03:04
580,2,90.09,12.05,2023-12-19 16:42:19,2023-12-19 13:54:32
581,3,91.73,21.01,2023-12-19 16:42:18,2023-12-19 14:10:54
582,4,93.54,10.04,2023-12-19 16:42:20,2023-12-19 14:50:16
583,5,87.72,11.36,2023-12-19 16:42:19,2023-12-19 13:16:25
584,6,93.98,11.23,2023-12-19 16:42:21,2023-12-19 14:56:18
585,7,89.61,10.99,2023-12-19 16:42:21,2023-12-19 13:35:35
586,9,88.11,11.58,2023-12-19 16:42:17,2023-12-19 13:23:01
587,10,91.33,10.63,2023-12-19 16:42:17,2023-12-19 14:12:43
588,11,87.42,13.97,2023-12-19 16:42:20,2023-12-19 13:04:57
589,12,89.61,9.5,2023-12-19 16:42:18,2023-12-19 13:37:24
590,13,87.71,12.86,2023-12-19 16:42:22,2023-12-19 13:13:51
591,14,89.79,9.59,2023-12-19 16:42:22,2023-12-19 13:36:47
592,15,91.84,13.2,2023-12-19 16:42:23,2023-12-19 14:17:54
593,16,89.6,10.01,2023-12-19 16:42:23,2023-12-19 13:45:31
594,17,85.28,13.32,2023-12-19 16:42:23,2023-12-19 13:50:40
595,18,90.7,9.82,2023-12-19 16:42:24,2023-12-19 14:02:40
596,19,92.27,9.09,2023-12-19 16:42:23,2023-12-19 14:29:39
597,20,88.93,13.88,2023-12-19 16:42:24,2023-12-19 13:24:30
598,21,93.38,8.65,2023-12-19 16:42:24,2023-12-19 14:49:34
599,22,92.11,11.06,2023-12-19 16:42:24,2023-12-19 14:23:59
600,23,87.19,9.58,2023-12-19 16:42:24,2023-12-19 13:03:26
601,24,93.92,11.47,2023-12-19 16:42:25,2023-12-19 14:56:47
602,25,92.93,13.09,2023-12-19 16:42:25,2023-12-19 14:44:00
603,26,90.74,12.91,2023-12-19 16:42:26,2023-12-19 13:58:41
604,27,92.32,14.18,2023-12-19 16:42:26,2023-12-19 14:23:18
605,28,94.04,10.79,2023-12-19 16:42:27,2023-12-19 14:58:20
606,29,92.48,12.43,2023-12-19 16:42:27,2023-12-19 14:37:02
607,30,88.15,10.89,2023-12-19 16:42:28,2023-12-19 13:11:24
608,31,90.77,14.54,2023-12-19 16:42:27,2023-12-19 13:55:19
609,32,87.49,13.39,2023-12-19 16:42:28,2023-12-19 13:05:43
610,33,92.09,10.63,2023-12-19 16:42:29,2023-12-19 14:29:54
611,34,90.88,10.1,2023-12-19 16:42:29,2023-12-19 14:05:58
612,35,89.58,13.45,2023-12-19 16:42:30,2023-12-19 13:44:15
613,36,88.76,12.99,2023-12-19 16:42:30,2023-12-19 13:32:46
614,37,91.39,12.36,2023-12-19 16:42:31,2023-12-19 14:09:55
615,38,92.07,11.12,2023-12-19 16:42:31,2023-12-19 14:23:43
616,39,90.15,11.1,2023-12-19 16:42:31,2023-12-19 13:46:06
617,40,91.39,13.44,2023-12-19 16:42:32,2023-12-19 14:18:23
618,41,91.3,9.14,2023-12-19 16:42:33,2023-12-19 14:05:38
619,42,90.07,11.81,2023-12-19 16:42:33,2023-12-19 13:45:13
620,43,93.46,9.89,2023-12-19 16:42:34,2023-12-19 14:49:43
621,45,89.14,9.61,2023-12-19 16:42:35,2023-12-19 13:32:40
622,46,90.82,9.06,2023-12-19 16:42:35,2023-12-19 14:04:23
623,47,91.72,13.37,2023-12-19 16:42:35,2023-12-19 14:12:39
624,48,83.52,13.37,2023-12-19 16:42:36,2023-12-19 13:30:18
625,49,92.3,14.92,2023-12-19 16:42:36,2023-12-19 14:31:09
626,50,90.65,9.45,2023-12-19 16:42:37,2023-12-19 14:02:15
627,51,90.73,13.21,2023-12-19 16:42:37,2023-12-19 14:03:04
628,1,90.67,13.22,2023-12-19 16:43:46,2023-12-19 14:03:04
629,2,90.01,12.06,2023-12-19 16:43:43,2023-12-19 13:54:32
630,3,91.66,9.19,2023-12-19 16:43:43,2023-12-19 14:10:54
631,4,93.46,10.05,2023-12-19 16:43:44,2023-12-19 14:50:16
632,5,87.63,11.36,2023-12-19 16:43:46,2023-12-19 13:16:25
633,6,93.9,11.23,2023-12-19 16:43:48,2023-12-19 14:56:18
634,7,89.53,11.0,2023-12-19 16:43:47,2023-12-19 13:35:35
635,9,88.03,11.58,2023-12-19 16:43:44,2023-12-19 13:23:01
636,10,91.24,14.04,2023-12-19 16:43:46,2023-12-19 14:12:43
637,11,87.34,13.98,2023-12-19 16:43:47,2023-12-19 13:04:57
638,12,89.53,9.5,2023-12-19 16:43:45,2023-12-19 13:37:24
639,13,87.62,12.87,2023-12-19 16:43:49,2023-12-19 13:13:51
640,14,89.71,9.59,2023-12-19 16:43:48,2023-12-19 13:36:47
641,16,89.51,10.02,2023-12-19 16:43:49,2023-12-19 13:45:31
642,17,85.16,13.32,2023-12-19 16:43:50,2023-12-19 13:50:40
643,18,90.62,9.83,2023-12-19 16:43:51,2023-12-19 14:02:40
644,19,92.18,9.1,2023-12-19 16:43:51,2023-12-19 14:29:39
645,20,88.85,13.89,2023-12-19 16:43:51,2023-12-19 13:24:30
646,21,93.3,8.66,2023-12-19 16:43:52,2023-12-19 14:49:34
647,22,92.03,11.06,2023-12-19 16:43:52,2023-12-19 14:23:59
648,23,87.11,9.58,2023-12-19 16:43:53,2023-12-19 13:03:26
649,24,93.83,11.47,2023-12-19 16:43:52,2023-12-19 14:56:47
650,25,92.84,13.09,2023-12-19 16:43:53,2023-12-19 14:44:00
651,26,90.66,11.62,2023-12-19 16:43:55,2023-12-19 13:58:41
652,27,92.24,14.18,2023-12-19 16:43:53,2023-12-19 14:23:18
653,28,93.96,10.79,2023-12-19 16:43:54,2023-12-19 14:58:20
654,29,92.39,12.43,2023-12-19 16:43:55,2023-12-19 14:37:02
655,30,88.07,10.9,2023-12-19 16:43:56,2023-12-19 13:11:24
656,31,90.68,14.54,2023-12-19 16:43:56,2023-12-19 13:55:19
657,32,87.41,13.4,2023-12-19 16:43:56,2023-12-19 13:05:43
658,33,92.0,10.63,2023-12-19 16:43:56,2023-12-19 14:29:54
659,34,90.8,13.6,2023-12-19 16:43:57,2023-12-19 14:05:58
660,35,89.49,13.45,2023-12-19 16:43:58,2023-12-19 13:44:15
661,36,88.67,12.99,2023-12-19 16:43:58,2023-12-19 13:32:46
662,37,91.31,12.36,2023-12-19 16:43:58,2023-12-19 14:09:55
663,38,91.99,19.53,2023-12-19 16:43:57,2023-12-19 14:23:43
664,39,90.07,11.1,2023-12-19 16:43:58,2023-12-19 13:46:06
665,40,91.31,13.44,2023-12-19 16:43:59,2023-12-19 14:18:23
666,41,91.22,9.14,2023-12-19 16:43:58,2023-12-19 14:05:38
667,42,89.99,11.82,2023-12-19 16:43:58,2023-12-19 13:45:13
668,43,93.38,9.9,2023-12-19 16:43:59,2023-12-19 14:49:43
669,45,89.06,9.62,2023-12-19 16:44:00,2023-12-19 13:32:40
670,46,90.74,9.07,2023-12-19 16:43:59,2023-12-19 14:04:23
671,47,91.64,13.37,2023-12-19 16:44:00,2023-12-19 14:12:39
672,48,83.4,13.37,2023-12-19 16:44:01,2023-12-19 13:30:18
673,49,92.21,28.03,2023-12-19 16:44:01,2023-12-19 14:31:09
674,50,90.57,9.45,2023-12-19 16:44:02,2023-12-19 14:02:15
675,51,90.65,13.22,2023-12-19 16:44:02,2023-12-19 14:03:04
676,1,90.58,13.22,2023-12-19 16:45:10,2023-12-19 14:03:04
677,2,89.92,12.06,2023-12-19 16:45:11,2023-12-19 13:54:32
678,3,91.58,9.2,2023-12-19 16:45:10,2023-12-19 14:10:54
679,4,93.38,10.05,2023-12-19 16:45:10,2023-12-19 14:50:16
680,5,87.55,11.36,2023-12-19 16:45:08,2023-12-19 13:16:25
681,6,93.82,11.23,2023-12-19 16:45:10,2023-12-19 14:56:18
682,7,89.46,11.0,2023-12-19 16:45:10,2023-12-19 13:35:35
683,9,87.95,11.59,2023-12-19 16:45:08,2023-12-19 13:23:01
684,10,91.16,10.63,2023-12-19 16:45:10,2023-12-19 14:12:43
685,11,87.26,13.98,2023-12-19 16:45:06,2023-12-19 13:04:57
686,12,89.45,9.51,2023-12-19 16:45:08,2023-12-19 13:37:24
687,13,87.54,12.88,2023-12-19 16:45:11,2023-12-19 13:13:51
688,14,89.64,9.59,2023-12-19 16:45:12,2023-12-19 13:36:47
689,15,91.69,13.21,2023-12-19 16:45:12,2023-12-19 14:17:54
690,16,89.43,10.02,2023-12-19 16:45:12,2023-12-19 13:45:31
691,17,85.04,13.33,2023-12-19 16:45:12,2023-12-19 13:50:40
692,18,90.54,9.83,2023-12-19 16:45:13,2023-12-19 14:02:40
693,19,92.1,9.1,2023-12-19 16:45:13,2023-12-19 14:29:39
694,20,88.78,19.78,2023-12-19 16:45:13,2023-12-19 13:24:30
695,21,93.22,8.66,2023-12-19 16:45:14,2023-12-19 14:49:34
696,22,91.95,11.07,2023-12-19 16:45:14,2023-12-19 14:23:59
697,23,87.03,9.59,2023-12-19 16:45:13,2023-12-19 13:03:26
698,24,93.75,11.47,2023-12-19 16:45:15,2023-12-19 14:56:47
699,25,92.76,13.09,2023-12-19 16:45:16,2023-12-19 14:44:00
700,26,90.58,11.62,2023-12-19 16:45:16,2023-12-19 13:58:41
701,27,92.16,14.18,2023-12-19 16:45:16,2023-12-19 14:23:18
702,28,93.88,10.79,2023-12-19 16:45:17,2023-12-19 14:58:20
703,29,92.31,12.44,2023-12-19 16:45:17,2023-12-19 14:37:02
704,30,87.99,10.9,2023-12-19 16:45:18,2023-12-19 13:11:24
705,31,90.61,14.55,2023-12-19 16:45:18,2023-12-19 13:55:19
706,32,87.33,13.4,2023-12-19 16:45:18,2023-12-19 13:05:43
707,33,91.92,10.64,2023-12-19 16:45:19,2023-12-19 14:29:54
708,34,90.72,13.6,2023-12-19 16:45:19,2023-12-19 14:05:58
709,35,89.41,13.45,2023-12-19 16:45:19,2023-12-19 13:44:15
710,36,88.59,12.99,2023-12-19 16:45:20,2023-12-19 13:32:46
711,37,91.24,12.37,2023-12-19 16:45:20,2023-12-19 14:09:55
712,38,91.91,11.12,2023-12-19 16:45:21,2023-12-19 14:23:43
713,39,89.99,11.11,2023-12-19 16:45:21,2023-12-19 13:46:06
714,40,91.23,13.44,2023-12-19 16:45:21,2023-12-19 14:18:23
715,41,91.14,9.15,2023-12-19 16:45:22,2023-12-19 14:05:38
716,42,89.92,11.82,2023-12-19 16:45:22,2023-12-19 13:45:13
717,43,93.3,9.9,2023-12-19 16:45:23,2023-12-19 14:49:43
718,45,88.98,9.62,2023-12-19 16:45:23,2023-12-19 13:32:40
719,46,90.66,9.07,2023-12-19 16:45:24,2023-12-19 14:04:23
720,47,91.56,13.37,2023-12-19 16:45:25,2023-12-19 14:12:39
721,48,83.27,13.37,2023-12-19 16:45:25,2023-12-19 13:30:18
722,49,92.13,14.92,2023-12-19 16:45:25,2023-12-19 14:31:09
723,50,90.48,9.45,2023-12-19 16:45:25,2023-12-19 14:02:15
724,51,90.57,13.22,2023-12-19 16:45:26,2023-12-19 14:03:04
725,1,90.51,20.56,2023-12-19 16:46:31,2023-12-19 14:03:04
726,2,89.84,12.06,2023-12-19 16:46:32,2023-12-19 13:54:32
727,3,91.5,9.2,2023-12-19 16:46:35,2023-12-19 14:10:54
728,4,93.3,10.06,2023-12-19 16:46:34,2023-12-19 14:50:16
729,5,87.47,11.36,2023-12-19 16:46:33,2023-12-19 13:16:25
730,6,93.74,11.24,2023-12-19 16:46:32,2023-12-19 14:56:18
731,7,89.38,11.0,2023-12-19 16:46:33,2023-12-19 13:35:35
732,9,87.86,11.59,2023-12-19 16:46:32,2023-12-19 13:23:01
733,10,91.08,10.63,2023-12-19 16:46:35,2023-12-19 14:12:43
734,11,87.18,13.98,2023-12-19 16:46:34,2023-12-19 13:04:57
735,12,89.37,9.51,2023-12-19 16:46:33,2023-12-19 13:37:24
736,13,87.46,12.88,2023-12-19 16:46:35,2023-12-19 13:13:51
737,14,89.56,9.6,2023-12-19 16:46:36,2023-12-19 13:36:47
738,15,91.61,13.21,2023-12-19 16:46:36,2023-12-19 14:17:54
739,16,89.35,10.02,2023-12-19 16:46:37,2023-12-19 13:45:31
740,17,84.92,13.33,2023-12-19 16:46:37,2023-12-19 13:50:40
741,18,90.46,9.83,2023-12-19 16:46:38,2023-12-19 14:02:40
742,19,92.02,9.11,2023-12-19 16:46:38,2023-12-19 14:29:39
743,20,88.7,13.89,2023-12-19 16:46:39,2023-12-19 13:24:30
744,21,93.13,8.67,2023-12-19 16:46:39,2023-12-19 14:49:34
745,22,91.87,11.07,2023-12-19 16:46:40,2023-12-19 14:23:59
746,23,86.95,9.59,2023-12-19 16:46:40,2023-12-19 13:03:26
747,24,93.67,11.48,2023-12-19 16:46:40,2023-12-19 14:56:47
748,25,92.67,13.1,2023-12-19 16:46:41,2023-12-19 14:44:00
749,26,90.5,11.62,2023-12-19 16:46:41,2023-12-19 13:58:41
750,27,92.08,14.19,2023-12-19 16:46:42,2023-12-19 14:23:18
751,28,93.8,10.8,2023-12-19 16:46:42,2023-12-19 14:58:20
752,29,92.23,12.44,2023-12-19 16:46:43,2023-12-19 14:37:02
753,30,87.91,10.9,2023-12-19 16:46:43,2023-12-19 13:11:24
754,31,90.53,14.55,2023-12-19 16:46:44,2023-12-19 13:55:19
755,32,87.25,13.4,2023-12-19 16:46:45,2023-12-19 13:05:43
756,33,91.84,10.64,2023-12-19 16:46:45,2023-12-19 14:29:54
757,34,90.63,13.61,2023-12-19 16:46:46,2023-12-19 14:05:58
758,35,89.33,13.46,2023-12-19 16:46:47,2023-12-19 13:44:15
759,36,88.51,13.0,2023-12-19 16:46:47,2023-12-19 13:32:46
760,37,91.15,12.37,2023-12-19 16:46:47,2023-12-19 14:09:55
761,38,91.82,11.12,2023-12-19 16:46:48,2023-12-19 14:23:43
762,39,89.91,11.11,2023-12-19 16:46:47,2023-12-19 13:46:06
763,40,91.14,13.45,2023-12-19 16:46:49,2023-12-19 14:18:23
764,41,91.06,9.15,2023-12-19 16:46:49,2023-12-19 14:05:38
765,42,89.83,11.83,2023-12-19 16:46:50,2023-12-19 13:45:13
766,43,93.22,9.9,2023-12-19 16:46:49,2023-12-19 14:49:43
767,45,88.89,9.63,2023-12-19 16:46:51,2023-12-19 13:32:40
768,46,90.57,9.08,2023-12-19 16:46:50,2023-12-19 14:04:23
769,47,91.48,13.38,2023-12-19 16:46:51,2023-12-19 14:12:39
770,48,83.15,13.37,2023-12-19 16:46:51,2023-12-19 13:30:18
771,49,92.05,14.92,2023-12-19 16:46:51,2023-12-19 14:31:09
772,50,90.4,22.71,2023-12-19 16:46:51,2023-12-19 14:02:15
773,51,90.49,13.23,2023-12-19 16:46:51,2023-12-19 14:03:04
774,1,90.42,13.23,2023-12-19 16:47:58,2023-12-19 14:03:04
775,2,89.76,12.06,2023-12-19 16:47:57,2023-12-19 13:54:32
776,3,91.43,9.21,2023-12-19 16:47:56,2023-12-19 14:10:54
777,4,93.21,10.06,2023-12-19 16:47:59,2023-12-19 14:50:16
778,5,87.38,11.36,2023-12-19 16:47:58,2023-12-19 13:16:25
779,6,93.66,11.24,2023-12-19 16:47:57,2023-12-19 14:56:18
780,7,89.3,11.0,2023-12-19 16:47:56,2023-12-19 13:35:35
781,9,87.78,11.6,2023-12-19 16:47:57,2023-12-19 13:23:01
782,11,87.09,13.98,2023-12-19 16:48:00,2023-12-19 13:04:57
783,12,89.29,9.51,2023-12-19 16:47:57,2023-12-19 13:37:24
784,13,87.38,12.89,2023-12-19 16:48:00,2023-12-19 13:13:51
785,14,89.48,9.6,2023-12-19 16:48:01,2023-12-19 13:36:47
786,15,91.53,13.22,2023-12-19 16:48:01,2023-12-19 14:17:54
787,16,89.26,10.03,2023-12-19 16:48:02,2023-12-19 13:45:31
788,17,84.8,13.33,2023-12-19 16:48:02,2023-12-19 13:50:40
789,18,90.38,9.84,2023-12-19 16:48:03,2023-12-19 14:02:40
790,19,91.94,9.12,2023-12-19 16:48:03,2023-12-19 14:29:39
791,20,88.62,13.89,2023-12-19 16:48:04,2023-12-19 13:24:30
792,21,93.05,8.67,2023-12-19 16:48:04,2023-12-19 14:49:34
793,22,91.79,11.07,2023-12-19 16:48:04,2023-12-19 14:23:59
794,23,86.86,9.59,2023-12-19 16:48:06,2023-12-19 13:03:26
795,24,93.59,11.48,2023-12-19 16:48:05,2023-12-19 14:56:47
796,25,92.59,13.1,2023-12-19 16:48:05,2023-12-19 14:44:00
797,26,90.42,11.63,2023-12-19 16:48:06,2023-12-19 13:58:41
798,27,92.01,14.19,2023-12-19 16:48:07,2023-12-19 14:23:18
799,28,93.72,10.8,2023-12-19 16:48:07,2023-12-19 14:58:20
800,29,92.14,12.44,2023-12-19 16:48:08,2023-12-19 14:37:02
801,30,87.84,10.91,2023-12-19 16:48:08,2023-12-19 13:11:24
802,31,90.45,14.55,2023-12-19 16:48:09,2023-12-19 13:55:19
803,32,87.17,13.41,2023-12-19 16:48:09,2023-12-19 13:05:43
804,33,91.75,10.64,2023-12-19 16:48:10,2023-12-19 14:29:54
805,34,90.55,13.61,2023-12-19 16:48:10,2023-12-19 14:05:58
806,35,89.24,13.46,2023-12-19 16:48:11,2023-12-19 13:44:15
807,36,88.43,13.01,2023-12-19 16:48:10,2023-12-19 13:32:46
808,38,91.74,11.13,2023-12-19 16:48:12,2023-12-19 14:23:43
809,39,89.84,11.11,2023-12-19 16:48:11,2023-12-19 13:46:06
810,40,91.05,12.37,2023-12-19 16:48:13,2023-12-19 14:18:23
811,41,90.98,9.16,2023-12-19 16:48:13,2023-12-19 14:05:38
812,42,89.76,11.83,2023-12-19 16:48:13,2023-12-19 13:45:13
813,43,93.14,9.9,2023-12-19 16:48:13,2023-12-19 14:49:43
814,45,88.81,9.63,2023-12-19 16:48:14,2023-12-19 13:32:40
815,46,90.49,9.08,2023-12-19 16:48:14,2023-12-19 14:04:23
816,47,91.4,13.38,2023-12-19 16:48:15,2023-12-19 14:12:39
817,48,83.03,13.38,2023-12-19 16:48:15,2023-12-19 13:30:18
818,49,91.97,14.92,2023-12-19 16:48:15,2023-12-19 14:31:09
819,50,90.32,9.46,2023-12-19 16:48:16,2023-12-19 14:02:15
820,51,90.4,13.23,2023-12-19 16:48:16,2023-12-19 14:03:04
